{"cameraMode":{"drawMode":0,"name":"Shaded","section":"Shading Mode"},"sceneLighting":false,"audioPlay":false,"sceneViewState":{"showFog":true,"showMaterialUpdate":false,"showSkybox":false,"showFlares":true,"showImageEffects":true,"showParticleSystems":true},"in2DMode":false,"pivot":{"x":188.8903350830078,"y":264.1881408691406,"z":-14.972753524780274},"rotation":{"x":0.005980280227959156,"y":-0.08091067522764206,"z":0.00048544135643169284,"w":0.9967052936553955},"size":210.06842041015626,"orthographic":true}