{"cameraMode":{"drawMode":0,"name":"Shaded","section":"Shading Mode"},"sceneLighting":true,"audioPlay":false,"sceneViewState":{"showFog":true,"showMaterialUpdate":false,"showSkybox":true,"showFlares":true,"showImageEffects":true,"showParticleSystems":true},"in2DMode":false,"pivot":{"x":2.0490314960479738,"y":6.281919479370117,"z":0.44361400604248049},"rotation":{"x":0.04792637750506401,"y":-0.047926295548677447,"z":0.0023022338282316925,"w":0.9976973533630371},"size":7.14268159866333,"orthographic":true}