{"cameraMode":{"drawMode":0,"name":"Shaded","section":"Shading Mode"},"sceneLighting":true,"audioPlay":false,"sceneViewState":{"showFog":true,"showMaterialUpdate":false,"showSkybox":false,"showFlares":true,"showImageEffects":true,"showParticleSystems":true},"in2DMode":false,"pivot":{"x":-3.8721790313720705,"y":1.6580612659454346,"z":-7.5198140144348148},"rotation":{"x":0.039757054299116138,"y":0.4674128293991089,"z":-0.021047763526439668,"w":0.882892906665802},"size":21.094575881958009,"orthographic":true}