{"cameraMode":{"drawMode":0,"name":"Shaded","section":"Shading Mode"},"sceneLighting":true,"audioPlay":false,"sceneViewState":{"showFog":true,"showMaterialUpdate":false,"showSkybox":true,"showFlares":true,"showImageEffects":true,"showParticleSystems":true},"in2DMode":false,"pivot":{"x":11.270675659179688,"y":2.961846351623535,"z":-1.413383960723877},"rotation":{"x":0.07396692782640457,"y":-0.6181362271308899,"z":0.05858844518661499,"w":0.7803881764411926},"size":4.431987762451172,"orthographic":true}