{"cameraMode":{"drawMode":3,"name":"Shadow Cascades","section":"Miscellaneous"},"sceneLighting":true,"audioPlay":false,"sceneViewState":{"showFog":false,"showMaterialUpdate":false,"showSkybox":false,"showFlares":false,"showImageEffects":false,"showParticleSystems":false},"in2DMode":false,"pivot":{"x":1.2787071466445923,"y":12.767607688903809,"z":-18.405868530273439},"rotation":{"x":0.08091164380311966,"y":-1.7374605931763654e-7,"z":6.939574745956634e-7,"w":0.9967234134674072},"size":88.40996551513672,"orthographic":true}