{"cameraMode":{"drawMode":3,"name":"Shadow Cascades","section":"Miscellaneous"},"sceneLighting":true,"audioPlay":false,"sceneViewState":{"showFog":false,"showMaterialUpdate":false,"showSkybox":false,"showFlares":false,"showImageEffects":false,"showParticleSystems":false},"in2DMode":false,"pivot":{"x":-5.440179824829102,"y":491.9618835449219,"z":-115.95911407470703},"rotation":{"x":-0.04647175967693329,"y":-0.02247447893023491,"z":-0.0010445094667375088,"w":0.9986705780029297},"size":133.0172882080078,"orthographic":true}