{"cameraMode":{"drawMode":3,"name":"Shadow Cascades","section":"Miscellaneous"},"sceneLighting":true,"audioPlay":false,"sceneViewState":{"showFog":false,"showMaterialUpdate":false,"showSkybox":false,"showFlares":false,"showImageEffects":false,"showParticleSystems":false},"in2DMode":false,"pivot":{"x":26.972187042236329,"y":11.9258451461792,"z":-3.538257598876953},"rotation":{"x":0.1596141755580902,"y":-0.6464848518371582,"z":0.1408316195011139,"w":0.732650101184845},"size":5.872913360595703,"orthographic":true}