{"cameraMode":{"drawMode":3,"name":"Shadow Cascades","section":"Miscellaneous"},"sceneLighting":true,"audioPlay":false,"sceneViewState":{"showFog":false,"showMaterialUpdate":false,"showSkybox":false,"showFlares":false,"showImageEffects":false,"showParticleSystems":false},"in2DMode":false,"pivot":{"x":-11.46605110168457,"y":35.42523956298828,"z":-111.48086547851563},"rotation":{"x":0.13903819024562837,"y":-0.01188313215970993,"z":0.0016686072340235115,"w":0.9902150630950928},"size":26.05893898010254,"orthographic":true}