{"cameraMode":{"drawMode":3,"name":"Shadow Cascades","section":"Miscellaneous"},"sceneLighting":true,"audioPlay":false,"sceneViewState":{"showFog":false,"showMaterialUpdate":false,"showSkybox":false,"showFlares":false,"showImageEffects":false,"showParticleSystems":false},"in2DMode":false,"pivot":{"x":3.200758934020996,"y":8.864977836608887,"z":-6.700472831726074},"rotation":{"x":0.08982755243778229,"y":-0.03435570374131203,"z":0.0030867168679833414,"w":0.995378315448761},"size":25.73283576965332,"orthographic":true}