{"cameraMode":{"drawMode":3,"name":"Shadow Cascades","section":"Miscellaneous"},"sceneLighting":true,"audioPlay":false,"sceneViewState":{"showFog":false,"showMaterialUpdate":false,"showSkybox":false,"showFlares":false,"showImageEffects":false,"showParticleSystems":false},"in2DMode":false,"pivot":{"x":6.335170745849609,"y":-5.12031364440918,"z":-10.991863250732422},"rotation":{"x":0.27998027205467226,"y":-0.35191816091537478,"z":0.1111789345741272,"w":0.8862303495407105},"size":23.967056274414064,"orthographic":true}