{"cameraMode":{"drawMode":3,"name":"Shadow Cascades","section":"Miscellaneous"},"sceneLighting":true,"audioPlay":false,"sceneViewState":{"showFog":false,"showMaterialUpdate":false,"showSkybox":false,"showFlares":false,"showImageEffects":false,"showParticleSystems":false},"in2DMode":false,"pivot":{"x":6.160931587219238,"y":9.505304336547852,"z":-4.584145545959473},"rotation":{"x":0.3466532826423645,"y":0.004222158342599869,"z":-0.0015569102251902223,"w":0.9379954934120178},"size":28.490402221679689,"orthographic":true}