{"cameraMode":{"drawMode":3,"name":"Shadow Cascades","section":"Miscellaneous"},"sceneLighting":true,"audioPlay":false,"sceneViewState":{"showFog":false,"showMaterialUpdate":false,"showSkybox":false,"showFlares":false,"showImageEffects":false,"showParticleSystems":false},"in2DMode":false,"pivot":{"x":4.603397369384766,"y":6.477155685424805,"z":-12.038665771484375},"rotation":{"x":0.04515533149242401,"y":-0.3378101885318756,"z":0.016225269064307214,"w":0.9399971961975098},"size":19.478008270263673,"orthographic":true}