{"cameraMode":{"drawMode":3,"name":"Shadow Cascades","section":"Miscellaneous"},"sceneLighting":true,"audioPlay":false,"sceneViewState":{"showFog":false,"showMaterialUpdate":false,"showSkybox":false,"showFlares":false,"showImageEffects":false,"showParticleSystems":false},"in2DMode":false,"pivot":{"x":8.803098678588868,"y":13.167072296142579,"z":-21.819665908813478},"rotation":{"x":0.22418804466724397,"y":-0.05697575584053993,"z":0.013123000971972943,"w":0.9728059768676758},"size":12.727185249328614,"orthographic":true}