{"cameraMode":{"drawMode":3,"name":"Shadow Cascades","section":"Miscellaneous"},"sceneLighting":true,"audioPlay":false,"sceneViewState":{"showFog":false,"showMaterialUpdate":false,"showSkybox":false,"showFlares":false,"showImageEffects":false,"showParticleSystems":false},"in2DMode":false,"pivot":{"x":-14.56507682800293,"y":-2.6709632873535158,"z":-27.745403289794923},"rotation":{"x":0.27998027205467226,"y":-0.35191816091537478,"z":0.1111789345741272,"w":0.8862303495407105},"size":22.520366668701173,"orthographic":true}