{"cameraMode":{"drawMode":3,"name":"Shadow Cascades","section":"Miscellaneous"},"sceneLighting":true,"audioPlay":false,"sceneViewState":{"showFog":false,"showMaterialUpdate":false,"showSkybox":false,"showFlares":false,"showImageEffects":false,"showParticleSystems":false},"in2DMode":false,"pivot":{"x":14.554057121276856,"y":10.591595649719239,"z":-2.1636343002319338},"rotation":{"x":0.08158674091100693,"y":-0.6375347971916199,"z":0.06814352422952652,"w":0.7630786299705505},"size":19.956567764282228,"orthographic":true}