{"cameraMode":{"drawMode":3,"name":"Shadow Cascades","section":"Miscellaneous"},"sceneLighting":true,"audioPlay":false,"sceneViewState":{"showFog":false,"showMaterialUpdate":false,"showSkybox":false,"showFlares":false,"showImageEffects":false,"showParticleSystems":false},"in2DMode":false,"pivot":{"x":-1.656494140625,"y":3.9584474563598635,"z":-10.789709091186524},"rotation":{"x":0.16193701326847077,"y":-0.3865056335926056,"z":0.06913504004478455,"w":0.905324399471283},"size":15.880139350891114,"orthographic":true}