{"cameraMode":{"drawMode":3,"name":"Shadow Cascades","section":"Miscellaneous"},"sceneLighting":true,"audioPlay":false,"sceneViewState":{"showFog":false,"showMaterialUpdate":false,"showSkybox":false,"showFlares":false,"showImageEffects":false,"showParticleSystems":false},"in2DMode":false,"pivot":{"x":11.509689331054688,"y":17.76487922668457,"z":-3.9839792251586916},"rotation":{"x":0.16193701326847077,"y":-0.3865056335926056,"z":0.06913504004478455,"w":0.905324399471283},"size":46.606693267822269,"orthographic":true}