{"cameraMode":{"drawMode":3,"name":"Shadow Cascades","section":"Miscellaneous"},"sceneLighting":true,"audioPlay":false,"sceneViewState":{"showFog":false,"showMaterialUpdate":false,"showSkybox":false,"showFlares":false,"showImageEffects":false,"showParticleSystems":false},"in2DMode":false,"pivot":{"x":530.0316162109375,"y":234.97616577148438,"z":-1.12335205078125},"rotation":{"x":-0.019495103508234025,"y":0.019494911655783654,"z":0.0003802349092438817,"w":0.9996201992034912},"size":444.4671630859375,"orthographic":true}