{"cameraMode":{"drawMode":3,"name":"Shadow Cascades","section":"Miscellaneous"},"sceneLighting":true,"audioPlay":false,"sceneViewState":{"showFog":false,"showMaterialUpdate":false,"showSkybox":false,"showFlares":false,"showImageEffects":false,"showParticleSystems":false},"in2DMode":false,"pivot":{"x":1.1663386821746827,"y":4.632516384124756,"z":0.0906531810760498},"rotation":{"x":0.01906774565577507,"y":0.6636675000190735,"z":-0.016927188262343408,"w":0.747592568397522},"size":9.252829551696778,"orthographic":true}