{"cameraMode":{"drawMode":3,"name":"Shadow Cascades","section":"Miscellaneous"},"sceneLighting":true,"audioPlay":false,"sceneViewState":{"showFog":false,"showMaterialUpdate":false,"showSkybox":false,"showFlares":false,"showImageEffects":false,"showParticleSystems":false},"in2DMode":false,"pivot":{"x":-10.94283676147461,"y":-5.717123031616211,"z":25.473587036132814},"rotation":{"x":0.13598574697971345,"y":-0.3896825313568115,"z":0.05829699710011482,"w":0.9089867472648621},"size":54.358314514160159,"orthographic":false}