{"cameraMode":{"drawMode":0,"name":"Shaded","section":"Shading Mode"},"sceneLighting":true,"audioPlay":false,"sceneViewState":{"showFog":true,"showMaterialUpdate":false,"showSkybox":true,"showFlares":true,"showImageEffects":true,"showParticleSystems":true},"in2DMode":false,"pivot":{"x":-3.398235321044922,"y":3.412586212158203,"z":1.7345976829528809},"rotation":{"x":-0.01197115145623684,"y":0.06894034147262573,"z":0.0008272973354905844,"w":0.9975491762161255},"size":16.88291358947754,"orthographic":false}